arrREF,arrHAS,"arrHAS,arrREF"
50098275,manmobi,"manmobi,50098275"
50098276,aubplace,"aubplace,50098276"
50098277,aubannex,"aubannex,50098277"
50098278,aubgare,"aubgare,50098278"
50098279,aubclos,"aubclos,50098279"
50098280,aubcime,"aubcime,50098280"
50098281,aubgast,"aubgast,50098281"
50098282,aubhotel,"aubhotel,50098282"
50098283,aubcoope,"aubcoope,50098283"
50098284,auballee,"auballee,50098284"
50098285,aubjean,"aubjean,50098285"
50098286,aubsourc,"aubsourc,50098286"
50098287,aubcentr,"aubcentr,50098287"
50098288,aubacaci,"aubacaci,50098288"
50098289,aublouis,"aublouis,50098289"
50098290,aubmontg,"aubmontg,50098290"
50098291,aubclini,"aubclini,50098291"
50098292,aubmai,"aubmai,50098292"
50098293,aubcime1,"aubcime1,50098293"
50098294,aubclos1,"aubclos1,50098294"
50098295,aubetoil,"aubetoil,50098295"
50098296,aubplac1,"aubplac1,50098296"
50098297,aubdivi1,"aubdivi1,50098297"
50098298,aubercar,"aubercar,50098298"
50098299,aubreine,"aubreine,50098299"
50098300,aubdivis,"aubdivis,50098300"
50098301,aubfresq,"aubfresq,50098301"
50098302,aublycee,"aublycee,50098302"
50098303,aubmarec,"aubmarec,50098303"
50098329,aubfres1,"aubfres1,50098329"
50098355,masmobi,"masmobi,50098355"
50098356,longare,"longare,50098356"
50098357,lgmplace,"lgmplace,50098357"
50098358,lgmhopit,"lgmhopit,50098358"
50098359,lgmdocte,"lgmdocte,50098359"
50098360,lgmbelai,"lgmbelai,50098360"
50098361,lgmrocad,"lgmrocad,50098361"
50098362,lgmcotea,"lgmcotea,50098362"
50098363,lgmcimet,"lgmcimet,50098363"
50098364,lgmclini,"lgmclini,50098364"
50098365,lgmavril,"lgmavril,50098365"
50098366,lgmthea,"lgmthea,50098366"
50098367,lgmgener,"lgmgener,50098367"
50098368,balcentr,"balcentr,50098368"
50098369,balstade,"balstade,50098369"
50098370,baltempl,"baltempl,50098370"
50098371,gragare,"gragare,50098371"
50098372,grasavi,"grasavi,50098372"
50098373,gralavoi,"gralavoi,50098373"
50098374,grapaste,"grapaste,50098374"
50098375,gramorin,"gramorin,50098375"
50098376,lgmpont,"lgmpont,50098376"
50098377,grabrass,"grabrass,50098377"
50098378,gragare2,"gragare2,50098378"
50098379,lgmbaliz,"lgmbaliz,50098379"
50098380,lgmpoule,"lgmpoule,50098380"
50098381,mormpen,"mormpen,50098381"
50098382,morcolle,"morcolle,50098382"
50098383,morcomme,"morcomme,50098383"
50098384,gragare1,"gragare1,50098384"
50098385,lgmclin2,"lgmclin2,50098385"
50098386,lgmhotel,"lgmhotel,50098386"
50098387,gragare3,"gragare3,50098387"
50098388,chijesse,"chijesse,50098388"
50098389,chietrie,"chietrie,50098389"
50098390,chicimet,"chicimet,50098390"
50098391,chihotel,"chihotel,50098391"
50098392,chigare,"chigare,50098392"
50098393,chieloi,"chieloi,50098393"
50098394,chigrand,"chigrand,50098394"
50098395,chielise,"chielise,50098395"
50098396,chihote2,"chihote2,50098396"
50098397,chiplace,"chiplace,50098397"
50098398,maspileu,"maspileu,50098398"
50098399,maslycee,"maslycee,50098399"
50098400,masgrav,"masgrav,50098400"
50098401,masvilmo,"masvilmo,50098401"
50098402,masfuste,"masfuste,50098402"
50098403,masemile,"masemile,50098403"
50098404,maspote2,"maspote2,50098404"
50098405,masverri,"masverri,50098405"
50098406,masmairi,"masmairi,50098406"
50098407,mascnetr,"mascnetr,50098407"
50098408,masmermo,"masmermo,50098408"
50098409,maspaul,"maspaul,50098409"
50098410,masfranc,"masfranc,50098410"
50098411,masopera,"masopera,50098411"
50098412,masmarch,"masmarch,50098412"
50098413,masperig,"masperig,50098413"
50098414,masbiar,"masbiar,50098414"
50098415,masoper2,"masoper2,50098415"
50098416,masfran2,"masfran2,50098416"
50098417,maspaul2,"maspaul2,50098417"
50098418,masmerm2,"masmerm2,50098418"
50098419,mascent2,"mascent2,50098419"
50098420,masgambe,"masgambe,50098420"
50098421,masverr2,"masverr2,50098421"
50098422,masemil1,"masemil1,50098422"
50098423,masgrav2,"masgrav2,50098423"
50098424,malyce2,"malyce2,50098424"
50098484,lgmmarch,"lgmmarch,50098484"
50098485,chicime2,"chicime2,50098485"
50098486,chichamp,"chichamp,50098486"
50098487,chigay,"chigay,50098487"
50098488,chihug,"chihug,50098488"
50098489,chigay2,"chigay2,50098489"
50098490,chicham2,"chicham2,50098490"
50098491,chicoll,"chicoll,50098491"
50098492,chifont,"chifont,50098492"
50098493,chimaiso,"chimaiso,50098493"
50098494,chieloi2,"chieloi2,50098494"
50098495,chigare2,"chigare2,50098495"
50098496,chiaub,"chiaub,50098496"
50098497,chicoll2,"chicoll2,50098497"
50098505,neumobic,"neumobic,50098505"
50098506,rosrer,"rosrer,50098506"
50098507,rospisci,"rospisci,50098507"
50098508,rosnante,"rosnante,50098508"
50098509,rosgabri,"rosgabri,50098509"
50098510,roschemi,"roschemi,50098510"
50098511,rosruell,"rosruell,50098511"
50098512,roshopit,"roshopit,50098512"
50098513,rosdhuys,"rosdhuys,50098513"
50098514,rosetien,"rosetien,50098514"
50098515,rosacaci,"rosacaci,50098515"
50098516,rosfort,"rosfort,50098516"
50098517,rosgrand,"rosgrand,50098517"
50098518,roseglis,"roseglis,50098518"
50098519,roscoper,"roscoper,50098519"
50098520,rosvande,"rosvande,50098520"
50098521,rosleon,"rosleon,50098521"
50098522,roscomme,"roscomme,50098522"
50098523,rosbois,"rosbois,50098523"
50098524,rosoffen,"rosoffen,50098524"
50098525,rosalsac,"rosalsac,50098525"
50098526,rosmarna,"rosmarna,50098526"
50098527,rosehpad,"rosehpad,50098527"
50098528,rosjean,"rosjean,50098528"
50098529,rosbarro,"rosbarro,50098529"
50098530,rosmadel,"rosmadel,50098530"
50098531,roshotel,"roshotel,50098531"
50098532,rosbeau,"rosbeau,50098532"
50098533,rosletes,"rosletes,50098533"
50098534,rosavron,"rosavron,50098534"
50098535,rosavenu,"rosavenu,50098535"
50098536,rosanger,"rosanger,50098536"
50098537,rosdanto,"rosdanto,50098537"
50098538,rosavro1,"rosavro1,50098538"
50098539,rosberth,"rosberth,50098539"
50098540,rosnovem,"rosnovem,50098540"
50098541,rosnunge,"rosnunge,50098541"
50098542,rosjaure,"rosjaure,50098542"
50098543,rosbouto,"rosbouto,50098543"
50098544,rospasca,"rospasca,50098544"
50098545,rosefaid,"rosefaid,50098545"
50098546,roscharl,"roscharl,50098546"
50098547,rosmissa,"rosmissa,50098547"
50098548,rosodile,"rosodile,50098548"
50098549,rosmondo,"rosmondo,50098549"
50098550,rosemile,"rosemile,50098550"
50098551,rosetang,"rosetang,50098551"
50098552,rosduclo,"rosduclo,50098552"
50098553,roscasan,"roscasan,50098553"
50098554,roslete1,"roslete1,50098554"
50098555,roshote1,"roshote1,50098555"
50098604,rosgarde,"rosgarde,50098604"
50098605,rosjmail,"rosjmail,50098605"
50098606,rosdegau,"rosdegau,50098606"
